,filename,HOTEL#CLEANLINESS,HOTEL#COMFORT,HOTEL#GENERAL,HOTEL#PRICE,LOCATION#GENERAL,SERVICE#GENERAL,STAFF#GENERAL,review
0,1037-2.txt,1,0,0,0,0,0,1,البشاشة والاستقبال الحسن والنظافة
1,1038-1.txt,1,0,0,0,0,0,0,الغرف النظافة وسط ازعاج من الجيران المطعم له رائحة والاكل دون المستوى المطلوب
2,1050-2.txt,1,0,1,0,0,0,1,التأثيث والنظافة والسعة  وموظف
3,1055-2.txt,1,0,1,0,0,1,1,الترتيب و النظافه ممتازه والخدمه ممتازه والعاملين جدا رائعين بالاستقبال من الفنادق المميزه بالظهران
4,1060-2.txt,1,0,0,0,0,0,1,الترتيب والنظافة
5,1061-2.txt,1,0,0,0,1,0,1,الترتيب والنظافة والموقع
6,1062-2.txt,1,0,0,0,0,0,1,الترتيب والنظافة والهدوء والاستقبال
7,1063-2.txt,1,0,0,0,0,0,1,الترتيب والنظافه والتعامل وحسن النظهر وشكرا
8,1064-2.txt,1,0,0,0,0,0,1,الترتيب والهدوء والنظافة
9,1065-2.txt,1,0,0,0,1,0,1,الترتيب والهدوء ونظافة المكان وقربه من المسجد الحرام
10,1072-1.txt,1,1,0,1,0,0,0,مريح ونظيف جدا انصح به وسعرة مناسب
11,1072-2.txt,1,0,0,0,0,0,1,الترحيب والتعامل الجيد مع النزلاء ونظافه المرفقات
12,1075-2.txt,1,0,0,0,0,0,1,التصميم .. النظافة .. المطعم
13,1076-2.txt,1,0,0,0,0,0,1,التصميم + النضافة + الترتيب + الرائحة الجميلة + التفصيل الجيد للشقة .
14,1081-2.txt,1,0,0,0,1,0,0,التصميم والنظافة والهدوء والموقع
15,1088-2.txt,1,0,0,0,0,0,1,التعامل  الممتاز من موظفي الاستقبال - الهدوء - نظافه المكان - وجوده الاكل
16,1089-2.txt,1,0,0,0,1,1,1,التعامل + الخدمة + النظافة + الموقع
17,1115-2.txt,1,0,0,0,0,1,1,"التعامل الراقي من جميع الأقسام ( الإسنقبال, النظافة, خدمة المطعم). الترحيب بسلة الفواكة و الحلويات و التودع بالقهوة العربية و التمر. التنوع في الفطور. جودة الطعام في وجبتي العشاء و الغداء."
18,1120-2.txt,1,0,1,0,0,0,0,التعامل الراقي من فريق العمل وروعة الديكورات وجودة الاثاث والنظافة الفايقة
19,1127-2.txt,1,0,0,0,0,1,1,التعامل الطيب ، النظافة ، الباصات شغالات على مدار الساعة بإذن الله المره القادمة اول ما افكر بالسكن راح اختار مكارم ام القرى و اتمنى المحافظة على مستواكم المرموق جداً
20,1134-2.txt,1,0,0,0,0,0,1,التعامل جدا راقي والنظافة اشكر جهودكم المبذوله الي الامام والف شكر علي الاستقبال
21,1148-2.txt,1,0,0,0,0,0,1,التعامل ممتاز الافطار ممتاز النظافة جيده جدا
22,1151-2.txt,1,0,0,0,0,0,1,التعامل ممتاز والنظافة
23,1155-2.txt,1,0,0,0,0,0,1,التعامل والنظافة
24,1157-2.txt,1,0,1,0,1,0,1,التعامل.  القرب.  النظافة   الهدوء
25,1160-2.txt,1,0,1,0,0,1,1,التعاون من الشاب المصري في الاستقبال في جميع المتطلبات ونظافة الفندق والهدوء والتعاون في النقل من و الي الحرم
26,1162-2.txt,1,0,0,0,1,0,1,التعاون من قبل طاقم العمل اكثر شئ يميز الفندق ونظافته وقربه من الحرم
27,1178-2.txt,1,0,1,0,0,0,0,التنظيم والنظافة والهدوء
28,1187-2.txt,1,0,1,0,0,0,0,التوصيل للحرم و النظافة والهدوء
29,1221-2.txt,1,0,0,1,0,0,0,الحقيقة الشقق غالية الثمن مقابل الخدمة والنظافة ..فهي مستهلكة الاثاث وادوات مطبخ الخدمة كما وجدت بعض الاواني لم تغسل كذلك لم يوفر في دورات المياة شامبو وصابون غسيل فلماذا هذا السعر العالي على موقع سيء
30,1225-2.txt,1,0,1,0,0,0,0,الحقيقة اني كنت موفق في اختيار الفندق من ناحية النضافة وعدم الازعاج وسوف اعاود السكن فية ان شاء الله لاحقا
31,1227-2.txt,1,0,0,0,0,1,0,الحقيقة من افضل الشقق المفروشه اللي أشوفها نظافه وخدمات وانصح كل العوائل والأفراد بالذهاب إليه
32,1228-2.txt,1,0,0,0,1,0,1,الحقيقة نظافة واستقبال على اعلى مستوى و الاثاث رائع والسعر مناسب جداً والمساحات معقولة ومدروسة والموقع مميز
33,1229-2.txt,1,0,0,0,0,1,0,الحقيقه من انظف الفنادق التي سكنتها، اثاث وخدمات جيده ، مساحة الغرف جيده ومناسبه.
34,1267-2.txt,1,0,0,0,0,1,1,الخدمات رائعه والنظافة ولباقة الاستقبال وحسن تعاملهم
35,1268-2.txt,1,0,0,0,0,1,0,الخدمات سريعة جدا على مدار الساعة كذلك النظافة عالية وتوفر الفاكهة الطازجة المتنوعة يوميا
36,1270-2.txt,1,0,0,0,0,1,0,الخدمات متوفرة ،النظافة ممتازة . واغراض الغرفة متكاملة ومقبولة . انصح بالسكن فيه . ليس جديد وايضا ليس بالقديم وسعره مناسب للمكان
37,1273-2.txt,1,0,0,0,1,1,0,الخدمات ممتازة والموقع ممتاز والنظافة ممتازة
38,1277-2.txt,1,0,0,0,0,1,1,الخدمات و التعامل الموظفين مع الزوار ايضا نظافه الفندق و بالاضافه
39,1278-2.txt,1,0,0,0,1,1,0,الخدمات و النظافة و الموقع
40,1285-2.txt,1,0,0,0,1,1,0,الخدمات والنظافه والموقع
41,1286-2.txt,1,0,0,0,1,1,0,الخدمات والنظافه والموقع والافطار الشهي والمواصلات
42,1291-2.txt,1,0,0,0,0,1,0,الخدمات ومستوى النظافة والغرف
43,1293-2.txt,1,0,0,0,0,1,0,الخدمة-النظافة
44,1299-2.txt,1,0,0,0,0,1,0,الخدمة السريعة والتجاوب السريع ونظافة المكان من افضل الفنادق ف الشرق الأوسط
45,1323-2.txt,1,0,0,0,0,1,0,الخدمة فوق الممتازة من نظافة وعناية بالعميل .
46,1337-2.txt,1,0,0,0,1,1,1,الخدمة ممتازة و الصيانة سريعة الإستجأبة الغرفة واسعة و الحمام رائع و النظافة متميزةو الموقع قريب جدا من الحرم النبوى خاصة للسيدات و موظفى الإستقبال غاية فى اللطف و التمكن من أداء عملهم
47,1344-2.txt,1,0,1,0,0,1,0,الخدمة و إطلالة الحرم والنظافة
48,1346-2.txt,1,0,0,0,0,1,1,الخدمة والاستقبال وسرعة تجاوب الموظفين ،النظافة والاسره كانت مريحه
49,1350-2.txt,1,0,0,0,0,1,0,الخدمة والنظافة
50,1351-2.txt,1,0,0,0,0,1,0,الخدمة والنظافة خمسة نجوم
51,1352-2.txt,1,0,0,0,0,1,0,الخدمة والنظافة سيئة جدا
52,1353-2.txt,1,0,1,0,0,1,1,الخدمة والنظافة والهدوء والإستقبال بشكل عام الفندق اكثر من رائع وهو سكني المفضل في مدينة جدة دائماً
53,1358-2.txt,1,0,1,0,0,1,0,الخدمة ونظافة المكان والهدوء
54,1362-2.txt,1,1,0,0,0,1,0,الخدمه  والراحه  والنظافه
55,1370-2.txt,1,0,0,0,1,1,0,الخدمه الممتازه والنظافه  والقرب من الحرم النبوى
56,1372-2.txt,1,0,0,0,1,1,0,الخدمه النظافه وقربه من الحرم
57,1393-2.txt,1,0,0,0,1,1,0,الخدمه والمعامله طيبه ومحترمه والخدمه ممتازه مع النظافه وموقع الفندق قريب من الحرم ويوجد الكثير من المطاعم بالقرب ويوجد مسجد كبير ملاسق للفندق وخدمه التوصيل للحرم ممتازه
58,1395-2.txt,1,0,0,1,0,1,1,الخدمه والنظافة و السعر جميعها ممتاز واتمنى ان لايتغير الطاقم والمستوى عن ممتاز اهنئكم على خدمتكم وماقمتم به
59,1396-2.txt,1,0,0,0,0,1,0,الخدمه والنظافه
60,1397-2.txt,1,0,0,0,0,1,0,الخدمه والنظافه
61,1399-2.txt,1,0,0,0,0,1,0,الخدمه ونظافه
62,1404-2.txt,1,0,0,0,0,0,1,الخصوصية التامة وكذلك الاستقبال الحسن والنظافة بصرحة يستحق ان اكرر التجربة
63,1406-2.txt,1,0,0,0,0,0,0,الخصوصية والنظافة وخدمة الغرف
64,1407-2.txt,1,0,0,0,0,0,1,الخصوصية ونظافة المكان وسرعة اداء العمال عند وجود اى ملاحظات او احتياجات
65,1411-2.txt,1,0,1,1,0,1,0,الدخول المبكر+ توفير الباصات من و الى الحرم+ النظافة + الهدوء + السعر المناسب
66,1415-2.txt,1,0,0,0,0,0,0,الديكور رائع والنظافة جيدة سوى وجود بعض الناموس الصغير جداً
67,1417-2.txt,1,0,0,0,0,0,0,الديكور والنظافة .....الخ
68,1420-2.txt,1,1,0,0,0,0,0,الديكورات ، النظافه ، الراحه
69,1423-2.txt,1,0,0,0,0,0,0,الذى اعجبنى النظافة وسرعة اﻻستجابة
70,1424-2.txt,1,0,0,0,0,0,0,الذي ازعجني عدم نظافة الحمام وتآخير توصيل الشنط وبطئ الاستجابة واعطال الحمامات
71,1446-2.txt,1,1,0,0,0,1,0,الراحة النظافة الخدمات
72,1449-2.txt,1,1,1,0,0,0,0,الراحة الهدوء و النظافة كم انه  تم تلبية جميع ما طلبته
73,1452-2.txt,1,1,0,0,1,0,0,الراحة مميزة لديهم وذلك لوجود اهم عامل في الفنادق وهي النظافة، والموقع ممتاز قريب من كل شي، وكنت ارى التعليق على الانارات بانها ضعيفة، وحاب اقول للجميع انه تم تعديل ذلك واضافة انارات ممتازه. انصح الجميع بستارز هوم
74,1454-2.txt,1,1,0,0,0,0,0,الراحة و النظافة كانت ممتازة
75,1464-2.txt,1,1,1,1,1,0,1,الراحة والنظافة والهدوء وطاقم العمل والسعر والموقع جميعها رائعة . واريد ان انبه بأنه يوجد إضائة جديدة وجميلة . شكراً ستارز هوم
76,1472-2.txt,1,1,1,0,0,1,0,الراحة والهدوء والخدمة ومستوى النظافة
77,1473-2.txt,1,1,1,0,0,0,0,الراحة والهدوء وسعة الغرفة والنظافة
78,1477-2.txt,1,1,0,0,0,0,0,الراحه .. البوفيه .. النظافة
79,1488-2.txt,1,1,0,0,0,0,0,الراحه والنظافة
80,1489-2.txt,1,1,0,0,0,0,0,الراحه والنظافه والأفطار
81,1493-2.txt,1,1,1,0,0,0,1,الراحه وتوفر الموصلات على مدار الساعه      وتعاون طاقم الاستقبال الهدوء والافطار ونظافة الفندق بشكل عام
82,1506-2.txt,1,0,0,0,0,0,0,الروائح لديهم جميله والنظافه اكثر من ممتازه والديكورات رائعه والاثاث جديد
83,1515-2.txt,1,0,1,0,0,1,1,السرعه في الاستقبال واستلام الغرفه والنظافه العامه والهدوء
84,1537-2.txt,1,0,0,1,1,0,0,السعر - النظافة - قريب من المواقع
85,1545-2.txt,1,0,0,1,0,0,1,السعر جداً راااائع بمستوى الفندق ، النظافه رائعه وطاقم العمل ممتاز
86,1552-2.txt,1,0,0,1,0,0,1,السعر رانع بالنسبه للموقع والمستوي والنظافه...الموظفين رائعين..فعلا تجربه سنكررها
87,1592-2.txt,1,0,0,0,1,1,1,السعر مناسب والموقع ممتاز والخدمات جيده وطاقم العمل محترمين جدا وبشوشين والنظافه اكثر من ممتازه
88,1601-2.txt,1,0,0,1,0,0,0,السعر والنظافة
89,1639-1.txt,1,0,0,0,0,0,0,فندق نظيف جدا وانيق ومستوي الامان عاليه
90,1639-2.txt,1,0,0,0,0,0,0,السيفتي ممتاز والنظافه فندق اكثر من رائع
91,1681-2.txt,1,0,0,0,0,0,1,الصراحة فندق رائع نظافة وفخامة ووالفطور لذيذ ومتنوع .. واحب اشكر موظف الاستقبال الاستاذ محمد عابدين على لباقته وحسن تعامله وتعاونه معي
92,1688-2.txt,1,0,1,0,0,0,1,الضيافة والنظافة والهدوء
93,1692-2.txt,1,0,0,0,0,1,1,الطاقم ،، النظافه والاثاث ،، التعامل والخدمه ،،، وجبه الافطار
94,37-3.txt,1,0,0,0,0,0,0,1- مستوى النظافة متدني
95,1075-1.txt,0,1,0,0,0,0,0,جمال المكان وراحة النفس هي العنوان
96,1089-1.txt,0,1,0,0,0,0,1,قمة في التعامل مع راحة السكن
97,1153-2.txt,0,1,0,0,0,0,1,التعامل و الراحه و السرعه
98,1154-2.txt,0,1,0,0,1,0,1,التعامل والراحة وأناقة المكان والموظفين
99,1198-2.txt,0,1,0,0,0,0,0,الجميل فيه وسع الغرفة وجود حديقة داخل الفندق وحديقة في الخارج الفطور جيد لانه كان ايام العيد
100,1218-2.txt,0,1,0,0,0,0,0,الحديقه والمسبح
101,1223-2.txt,0,1,0,0,0,1,0,الحقيقة ان الخدمات ممتازة وكذالك الراحة ممتازة جدا ولايوجداي ملاحضات من قبلي
102,1279-2.txt,0,1,0,0,0,1,0,الخدمات و توفير الراحه
103,1283-1.txt,0,1,0,0,0,0,0,راحة نفسية وترفيه ايماني
104,1392-2.txt,0,1,0,0,1,1,0,الخدمه والقرب من الحرم الراحه التامه فيه مناسب جدا للكل
105,1408-2.txt,0,1,1,0,0,0,0,الخصوصية،الهدوء،الراحة
106,1437-2.txt,0,1,0,0,0,0,0,الراحة
107,1438-2.txt,0,1,0,0,0,0,0,الراحة
108,1440-2.txt,0,1,0,0,0,0,0,الراحة
109,1442-2.txt,0,1,0,0,0,0,0,الراحة التامة التي حصلنا عليها
110,1443-2.txt,0,1,0,0,1,0,1,الراحة العالية بالفندق وقربه من الحرم ،،،تعامل موظف الاستقبال كان جدا عالي وراقي ومتعاون
111,1444-2.txt,0,1,0,0,0,0,0,الراحة العالية والامان
112,1445-2.txt,0,1,0,0,0,0,0,الراحة اللتي أجدها بهذا الفندق
113,1447-2.txt,0,1,0,0,0,0,0,الراحة النفسية
114,1448-2.txt,0,1,0,0,0,0,0,الراحة النفسية
115,1450-2.txt,0,1,1,0,0,0,0,الراحة فيه جداً ممتازة وهدوء كذلك خاصة في اختياري للغرفة والطابق
116,1451-2.txt,0,1,0,0,0,0,0,الراحة قربه من مول العرب
117,1453-2.txt,0,1,0,0,1,0,0,الراحة و القرب من الحرم النبوي
118,1455-2.txt,0,1,1,0,0,0,0,الراحة و الهدوء
119,1456-2.txt,0,1,0,0,0,0,1,الراحة والاستقبال والنطافة
120,1457-2.txt,0,1,0,0,0,0,1,الراحة والتعامل
121,1458-2.txt,0,1,0,0,0,1,0,الراحة والخدمة والأتصال كل يوم لأجل أخذ رأي النزيل والفطور ممتاز.
122,1459-2.txt,0,1,0,0,0,0,0,الراحة والرومانسية وتوفير جميع طلبات النزيل
123,1460-2.txt,0,1,0,1,0,0,0,الراحة والسعر مناسب
124,1461-2.txt,0,1,0,0,0,0,0,الراحة والسعي ورا راحة النزيل
125,1462-2.txt,0,1,0,0,0,0,0,الراحة والفخامة
126,1463-2.txt,0,1,0,0,1,0,0,الراحة والقرب من الحرم النبوي
127,1465-2.txt,0,1,0,0,0,0,0,الراحة والنوم
128,1466-2.txt,0,1,1,0,0,0,0,الراحة والهدوء
129,1467-2.txt,0,1,1,0,0,0,0,الراحة والهدوء
130,1468-2.txt,0,1,1,0,0,0,0,الراحة والهدوء
131,1469-2.txt,0,1,1,0,0,0,0,الراحة والهدوء
132,1470-2.txt,0,1,1,0,0,0,0,الراحة والهدوء قربه من المطار
133,1471-2.txt,0,1,1,0,0,0,0,الراحة والهدوء والافطار
134,1474-2.txt,0,1,0,0,0,0,0,الراحة وجمال المكان والفندق
135,1475-2.txt,0,1,0,0,0,1,0,الراحة وسرعة تلبية الخدمات
136,1476-2.txt,0,1,0,0,0,1,0,الراحة وكذلك الخدمة
137,1478-2.txt,0,1,0,0,0,0,0,الراحه الفسيه وقمة الخصوصيه والامان ووسائل الترفيه
138,1479-2.txt,0,1,0,0,0,1,0,الراحه النفسيه والخدمات
139,1480-2.txt,0,1,0,0,0,0,0,الراحه النفسيه والمكان مريح
140,1481-2.txt,0,1,0,0,0,0,0,الراحه جدا جدا ممتاز
141,1482-2.txt,0,1,1,0,0,0,1,الراحه هدوء تعامل طاقم الفندق  سعة الغرف  النظافة
142,1483-2.txt,0,1,0,0,0,0,0,الراحه و الإستفبال الجيد
143,1484-2.txt,0,1,0,0,0,1,0,الراحه والخدمات
144,1485-2.txt,0,1,0,0,0,1,1,الراحه والخدمة والمطعم وحسن الإستقبال
145,1486-2.txt,0,1,0,0,0,1,0,الراحه والخدمه الجميلة
146,1487-2.txt,0,1,0,0,0,0,0,الراحه والمول والاكل الجيد  واتمنى ان يكون معي بطاقه عضويه او تخفيض او عروض للفندق ❤️
147,1490-2.txt,0,1,1,0,0,0,0,الراحه والهدوء
148,1491-2.txt,0,1,1,0,0,0,1,الراحه والهدوء التام والتعامل الراقي
149,1492-2.txt,0,1,1,0,0,1,0,الراحه والهدوء والخدمات وقربه من الخدمات
150,1494-2.txt,0,1,0,0,0,0,0,الراحه وعدم الإزعاج
151,1495-2.txt,0,1,0,0,0,0,0,الراحه..
152,1504-2.txt,0,1,0,0,0,0,0,الرقي والراحة والروحانية
153,1505-1.txt,0,1,0,0,1,0,0,الموقع و الراحة
154,1542-1.txt,0,1,0,0,0,0,0,مريحه لسفرات العجله
155,1594-2.txt,0,1,0,1,1,1,1,السعر و المكان والخدمة والاستقبال .. مكان مريح وناس تقابلهم هناك ادب واخلاق ..
156,1598-2.txt,0,1,0,1,1,0,0,السعر والراحة والقرب من الحرم
157,1599-2.txt,0,1,0,1,0,0,0,السعر والراحه
158,1630-2.txt,0,1,0,0,0,0,1,السلام عليكم ورحمة الله وبركاته اشكر إدارة الفندق على حسن الاستقبال وكرم الضيايفه اشهد بالله كانت إقامة في في هذا الفندق مريحة جدا واتمنى الى إدارة الفندق المزيد من التقدم والازدهار والسلام ختام
159,1677-2.txt,0,1,0,0,0,0,0,الشئ المميز فيه هو النوم في الفندق مريح جداً واعتقد اولاً كونه في المدينة المنورة وثانياً والسبب العملي هو نوعية السرير
160,1679-2.txt,0,1,1,0,0,0,0,الصراحة الفندق جميل جداً وهادي الصراحة راح يكون الخيار الاول لي لمن ارجع مكه مره ثانيه ان شاء الله
161,2-1.txt,0,1,0,0,0,0,0,زيارة المسجد النبوي في عيد الحج
162,38-3.txt,0,1,0,0,0,0,0,1- مصعد واحد فقط وهزا  غير كافي
163,1012-2.txt,0,0,1,0,0,0,0,الأطلالة على الكورنيش
164,1013-2.txt,0,0,1,0,0,0,0,الأطلاله على الكعبة
165,1018-2.txt,0,0,1,0,1,1,0,الباص الذي يوصل الحرم - موقف السيارات - الهدوء داخل الفندق - الإفطار
166,1038-2.txt,0,0,1,0,1,0,1,البهو وقربه من المسجد الحرام وتعامل الموظفين
167,1047-1.txt,0,0,1,0,0,0,0,يمكنه ان يرقى الى فندق ذهبي
168,1049-2.txt,0,0,1,0,0,0,0,البوفيه ممتاز جدا .. الأطباق لذيذه ومتنوعه .. الغرف نظيفه .. انصح بالفندق بشكل عام
169,1052-2.txt,0,0,1,0,0,0,1,التجديدات بالفندق واستبدال الطاقم القديم بالحديث المتعاون الذي يحاول تذليل كل الصعوبات واي مشكله في سبيل ارضاء العميل
170,1066-1.txt,0,0,1,0,0,0,0,شقق فندقية انصح بها بشدة
171,1079-2.txt,0,0,1,0,0,0,0,التصميم والاطلاله
172,1082-2.txt,0,0,1,0,1,0,0,التصميم والهدوء قريب من الحرم
173,1101-2.txt,0,0,1,0,0,0,1,التعامل الحسن والهدوء العام في الفندق
174,1171-2.txt,0,0,1,1,1,1,0,التكييف مره كويس . الخدمه والنظافة . الاسعار . و المكان لقربه من وسط المدينه
175,1176-2.txt,0,0,1,0,0,1,1,التنظيم و النظافه وحسن الاستقبال من الموظفين و يبحثون عن راحتك ويبادرون بعرض الخدمات ماقصرو
176,1179-2.txt,0,0,1,0,0,0,1,التنظيم والهدوء والاهتمام وحسن الاستقبال
177,1190-2.txt,0,0,1,0,0,0,0,الجدران ليس بها عوازل مما يسبب ازعاج المقيمين حولك.
178,1208-2.txt,0,0,1,0,0,0,0,الجو الجميل والهدوء
179,1214-2.txt,0,0,1,0,0,1,1,الجو الهادئ ، حسن التعامل من قبل موظفي الفندق ، خدمة التوصيل من وإلى الحرم المكي ، ( فكرة جداً رائعة ) .
180,1219-2.txt,0,0,1,0,1,0,0,الحرم قريب و الفندق ممتاز جداً
181,1232-2.txt,0,0,1,0,1,0,0,الحمد الله فندق رائع وجميل وموقعه جدا قريب من الحرم
182,1233-2.txt,0,0,1,0,0,0,0,الحمد للة فندق جيد
183,1234-2.txt,0,0,1,0,1,0,1,الحمد لله الذي اتم علينا عمرتنا كما احمد الله ان وفقنا بإختيار الاقامة في (فندق رافلز) قمة في الروعه من جميع النواحي ويكفينا قربه من الحرم المكي الشريف ..تمنياتنا للعاملين بالفندق كل التوفيق والتقدم ..
184,1235-2.txt,0,0,1,0,0,0,0,الحمد لله كانت الزيارة جميله والمكان جميل ونظيف
185,1241-2.txt,0,0,1,0,0,0,0,الحمدلله توفقت بإختيار الفندق و كل الأشياء ممتازة فيه سواءً داخله أو خارجه..
186,1243-2.txt,0,0,1,0,0,0,0,الحمدلله كل شي بالفندق اعجبني
187,1259-2.txt,0,0,1,0,0,1,1,الخدمات الممتازة الاستقبال والهدوء
188,1271-1.txt,0,0,1,0,0,0,0,فندق محترم
189,1289-1.txt,0,0,1,0,0,0,0,فندق متكامل
190,1308-2.txt,0,0,1,0,0,1,1,"الخدمة المقدمة و الطاقم المحترم و الهدوء طول فترة الإقامة و الديكورات الرائعة .. قصر الشرق بإختصار ,, أكثر من رائع"
191,1312-2.txt,0,0,1,0,0,1,0,الخدمة الهدوء
192,1322-1.txt,0,0,1,0,0,0,0,الحمدالله من افضل الفنادق
193,1357-1.txt,0,0,1,0,0,0,0,من اروع الفنادق في مدينة ينبع
194,1398-2.txt,0,0,1,0,0,1,1,الخدمه وطاقم الأستقبال جيدين.الهدوء الشديد الشقق جيدة جدا.
195,1405-2.txt,0,0,1,0,0,0,0,الخصوصية والسعة
196,1412-1.txt,0,0,1,0,0,0,0,فندق جيد
197,1431-2.txt,0,0,1,0,1,0,1,الذي أعجبني أنه يطل من جهة على الحرم النبوي الشريف والجهة الأخرى جهة الفنادق وقريب وسلس في الخروج من الفندق إلى الشارع الرئيسي والأسواق بجانبك حيث أنك تذهب للحرم على رجلك دون إستخدام السيارة وزيادة على ذلك المعاملة الذي تلقيتها من الجميع جداً حضارية وراقي
198,1465-1.txt,0,0,1,0,0,0,0,من افضل فنادق المدينة المنورة
199,1485-1.txt,0,0,1,0,0,0,0,فندق رائع في كثير من النواحي
200,1497-2.txt,0,0,1,0,0,0,0,الرحابة والهدوء والديكورات
201,15-1.txt,0,0,1,0,0,1,0,موقع ممتاز - خدمة سيئة
202,15-3.txt,0,0,1,0,0,0,1,-موظفي الفندق غير متعاونين:
203,1503-2.txt,0,0,1,0,0,0,1,الرقي في التعامل .. الهدوء .. النظآفه و سرعة التعامل مع الطلب
204,1514-2.txt,0,0,1,0,0,1,0,السرعة في الخدمة وتلبية الطلب والشعور بالراحة والهدوء فيه
205,1538-2.txt,0,0,1,1,0,0,0,السعر -الهدوء
206,1557-2.txt,0,0,1,1,0,0,0,السعر كان ممتاز مقابل السكن .. الفندق هادي و نظيف و الاثاث جديد و ممتاز و التكييف كان ممتاز جدا و انصحكم بمحل المخفوقات تحت الفندق لذيذ
207,1564-2.txt,0,0,1,1,0,0,0,السعر مقابل الخدمة و مستوى الفندق ممتاز
208,1568-2.txt,0,0,1,1,0,0,0,السعر مقارنة بالموقع خرافية !! ، وهدوء الفندق اكثر من رائع
209,1591-1.txt,0,0,1,0,0,0,0,فندق جار الحبيب جيد
210,1606-2.txt,0,0,1,1,1,0,1,السكن بشكل عام جديد كل شيء جديد الموقع هادئ وقريب من المطار ومن المراكز الحيوية خدمة رائعة من العاملين الواي فاي جيد جدا الخدمات قريبة من السكن ومتوفرة في السكن السعر مرتفع
211,1620-2.txt,0,0,1,0,0,0,0,السلام عليكم الفندق ممتاز بكل معنى الكلمة
212,1647-2.txt,0,0,1,0,0,0,0,الشقة التي أقمت فيها بعض الطاولة احس فيها قديمه ومكسرة وكذلك الستاير مقطوعة حبذا لو أهتموا بالشقق كما في الأجنحة والغرف ولكن بشكل عام الفندق ممتاز
213,1675-2.txt,0,0,1,0,0,0,1,الشكل العام للفندق والاستقبال وجلسه الكوفي والمطعم الخارجيه
214,1678-2.txt,0,0,1,0,1,0,0,الصدق في الاخبار عن الموقع وامكانيات الفندق
215,1680-2.txt,0,0,1,0,1,0,1,الصراحة الفندق روووعه وخدماتهم روعه واستقبالهم اروع ومكانة ممتاز ومعاملتهم روعة الصراحة اريد اشكر المدير المناوب الي نزل الي السيارة لوداعنا شكرا عزمي الجمعان وهاذة تواضع منه انصح الجميع بالسكن بدار التوحيد وشكرا
216,2-2.txt,0,0,1,0,0,0,0,مستوى او درجة الفرش والتشطيبات النهائية جيدة مقارنة بباقي الفندق ..
217,42-3.txt,0,0,1,0,0,0,0,1- يبدو الفندق قديم وبحاجه لبعض الصيانه وخصوصا السجاد
218,43-2.txt,0,0,1,0,0,0,0,فندق خمس نجوم بعبق الماضي....الفندق قديم ويذكرك بالسنين الماضية.
219,44-2.txt,0,0,1,0,0,0,0,فندق جيد ولكن لا يصل لمستوى خمس نجوم إطلاقا
220,1008-2.txt,0,0,0,1,0,0,0,الأسعار جدآ تنافسية مقارنة بحداثة الفندق والمرافق وكذلك الخدمات.
221,1010-2.txt,0,0,0,1,0,0,0,الأسعار خلال هذه الفترة كانت مغرية جداً
222,1011-2.txt,0,0,0,1,0,0,0,الأسعار معقولة والغرف واسعه والسرير كبير
223,1024-1.txt,0,0,0,1,0,0,0,ممتاز وسعره طيب
224,1042-1.txt,0,0,0,1,0,0,0,مبالغ في السعر
225,1056-2.txt,0,0,0,1,0,0,1,الترتيب والاسلوب الراقي الي تقوم به اداره بودل ...شكرا لكم لاكن بالنسبه للاسعار شوي مبالغ فيها
226,1166-2.txt,0,0,0,1,0,0,0,التكلفة
227,1254-2.txt,0,0,0,1,0,1,0,الخدمات المقدمة الطاقم كل شيئ ممتاز ما عدا السعر المبالغ فيه لليلة واحدة ٤٠٠٠ ريال
228,1281-1.txt,0,0,0,1,0,0,0,السعر خارج البوكينج ارخص في هذا الفندق
229,1295-2.txt,0,0,0,1,0,1,0,الخدمة الجيدة مقابل سعر منخفظ
230,1401-1.txt,0,0,0,1,0,0,0,حرام السعر فيه
231,1497-1.txt,0,0,0,1,0,0,0,ممتاز مقابل القيمة
232,1520-2.txt,0,0,0,1,0,0,0,السعر
233,1521-2.txt,0,0,0,1,0,0,0,السعر
234,1523-2.txt,0,0,0,1,0,0,0,السعر
235,1527-1.txt,0,0,0,1,0,0,0,ممتاز جدا مقابل السعر
236,1533-2.txt,0,0,0,1,0,0,0,السعر
237,1534-2.txt,0,0,0,1,0,0,0,السعر
238,1539-2.txt,0,0,0,1,0,0,0,السعر  مبالغ فيه
239,1540-2.txt,0,0,0,1,0,0,0,السعر 300 لليلة الموقع مقابل سوق الراشد المواقف في القبوا
240,1541-2.txt,0,0,0,1,0,0,0,السعر الماسب
241,1542-2.txt,0,0,0,1,0,0,0,السعر المناسب ، قربها من أماكن الخدمات والأسواق
242,1543-2.txt,0,0,0,1,0,0,0,السعر بالاضافة للمواصلات مستمرة بدون توقف وكذلك مستوى الفطور جيد
243,1544-2.txt,0,0,0,1,0,0,0,السعر بالنسبه للخدمه
244,1546-2.txt,0,0,0,1,0,1,0,السعر جداً مناسب مع الخدمة المقدمه
245,1547-2.txt,0,0,0,1,0,0,0,السعر جدا رائع بالنسبة لمستوى المكان
246,1548-2.txt,0,0,0,1,0,0,0,السعر جدا مناسب مقارنة بالخدمة
247,1549-2.txt,0,0,0,1,0,0,0,السعر جيد جدا
248,1550-2.txt,0,0,0,1,1,0,0,السعر جيد وقربه من باصات النقل العام للحرم
249,1551-2.txt,0,0,0,1,0,1,0,السعر حلو والخدمه جميله
250,1553-2.txt,0,0,0,1,0,0,0,السعر رائع
251,1554-2.txt,0,0,0,1,0,0,0,السعر غالي جداً
252,1555-2.txt,0,0,0,1,0,0,0,السعر غالي عن طريق الموقع
253,1556-2.txt,0,0,0,1,0,0,1,السعر كان ملائم مقارنه بالفنادق الاخري في نفس الفتره والتعاون من قبل السيد المحترم مدير خدمة النزلاء وكافة العاملين علماً بأنه اذا تم الحجز بسعر معين من خلال الموقع ووجدت عند الوصول سعر نظام الفندق اقل فيتم لك التخفيض بخلاف السعر الذي حجزت به
254,1558-2.txt,0,0,0,1,0,0,0,السعر مع العروض
255,1559-2.txt,0,0,0,1,0,0,0,السعر مقابل الخدمات
256,1560-2.txt,0,0,0,1,0,0,0,السعر مقابل الخدمة
257,1561-2.txt,0,0,0,1,0,0,0,السعر مقابل الخدمة
258,1562-2.txt,0,0,0,1,0,0,0,السعر مقابل الخدمة معقول جدا
259,1563-2.txt,0,0,0,1,0,1,1,"السعر مقابل الخدمة و تعامل الموظفين جدا راقي , سرعة تنفيذ الخدمات."
260,1565-2.txt,0,0,0,1,0,0,0,السعر مقابل الخدمه ممتاز
261,1566-2.txt,0,0,0,1,0,0,0,السعر مقابل المال
262,1567-2.txt,0,0,0,1,1,0,0,السعر مقابل الهدوء و قربه من المطاعم و الاسواق
263,1569-2.txt,0,0,0,1,0,0,0,السعر مقارنة بموقع الفندق
264,1570-2.txt,0,0,0,1,0,0,0,السعر مقارنة بنظافة الفندق وموقعه
265,1571-2.txt,0,0,0,1,0,0,0,السعر مقارنة مع المسافة عن الحرم
266,1572-2.txt,0,0,0,1,1,0,0,السعر مقبول لاكن المشكله في البعد عن الحرم حيث يتطلب الذهاب الى الحرم الانتقال بالباص
267,1573-2.txt,0,0,0,1,0,0,0,السعر ممتاز
268,1574-1.txt,0,0,0,1,1,0,0,فخامة 5 نجوم وموقع قريب من المسجد النبوي ، بسعر مناسب !
269,1574-2.txt,0,0,0,1,0,0,0,السعر ممتاز 300 ريال .. بدون افطار
270,1575-2.txt,0,0,0,1,0,0,0,السعر ممتاز جدا مقارنة مع فنادق الخبر الغير مطلة على البحر
271,1576-2.txt,0,0,0,1,0,0,0,السعر ممتاز حصلت على غرفة بـ 4 سرير مقابل 90 ريال والغرفة والفرش نظيفة ومهتمين لك بتفاصيل دقيقة زي قارورة مويه صحة وقهوة وشاهي ومعجون الاسنان والفرشاة مجانا ،،
272,1577-2.txt,0,0,0,1,0,0,0,السعر ممتاز مقابل الخدمات والنظافة
273,1578-1.txt,0,0,0,1,1,0,0,سعر مناسب جداً بالنسبه للموقع بجوار الحرم وملاصق للهيلتون
274,1578-2.txt,0,0,0,1,0,0,1,السعر ممتاز وبشاشه وتعامل الموظفين كما يوجد مواقف مجانيه وافطار متنوع.
275,1579-2.txt,0,0,0,1,0,0,0,السعر مناسب
276,1580-2.txt,0,0,0,1,0,0,0,السعر مناسب
277,1581-2.txt,0,0,0,1,0,0,0,السعر مناسب
278,1582-2.txt,0,0,0,1,0,0,0,السعر مناسب
279,1583-2.txt,0,0,0,1,0,0,0,السعر مناسب
280,1584-2.txt,0,0,0,1,0,0,0,السعر مناسب للخدمة والراحة
281,1585-2.txt,0,0,0,1,0,0,0,السعر مناسب للغرفة
282,1586-2.txt,0,0,0,1,0,0,0,السعر مناسب للقرب من الحرم
283,1587-2.txt,0,0,0,1,0,0,0,السعر مناسب لموقعه لقربه من الحرم والمحلات التجارية
284,1588-2.txt,0,0,0,1,0,0,1,السعر مناسب مقارنة بالنظافه وتعامل الموظفين متميز
285,1589-2.txt,0,0,0,1,1,0,0,السعر مناسب و المكان قريب من الحرم و الغرف واسعة
286,1590-2.txt,0,0,0,1,0,0,0,السعر مناسب والفطور رائع اعجبتني الاقامه
287,1591-2.txt,0,0,0,1,1,0,0,السعر مناسب والموقع جيد
288,1593-2.txt,0,0,0,1,0,0,0,السعر منخفض
289,1595-2.txt,0,0,0,1,1,0,0,السعر و الموقع و خدمات الفندق
290,1596-2.txt,0,0,0,1,0,0,1,السعر و توفر الباصات في أغلب الأوقات و احترام حجز el booking
291,1597-2.txt,0,0,0,1,0,1,1,السعر والخدمة والتعامل وحجم الغرفة
292,1600-2.txt,0,0,0,1,1,0,0,السعر والموقع
293,1602-2.txt,0,0,0,1,0,0,1,السعر وموظفي الاستقبال
294,1603-2.txt,0,0,0,1,0,0,0,السعر يتناسب مع الخدمات ----  و عند طلب ساعات اضافيه تم الموافقه بدون مقابل
295,1604-2.txt,0,0,0,1,0,0,0,السعر مقابل القرب
296,1609-2.txt,0,0,0,1,1,0,0,السكن مقابل المال و موقعه في العزيزيه
297,18-2.txt,0,0,0,1,0,0,0,1-السعر مناسب
298,24-3.txt,0,0,0,1,0,0,0,-عدم مراعاة السعر حسب المدة .. حتى لو جلست ست ساعات فالحساب ليوم كامل .
299,25-3.txt,0,0,0,1,0,1,0,-غلاء الاسعار وغياب الخدمة المقدمة ضمن سعر الاقامه المدفوع .
300,27-1.txt,0,0,0,1,0,0,0,فندق متميز مقابل السعر
301,36-3.txt,0,0,0,1,0,0,0,1- مساحة الغرفه صغيرة جدآ. .حتي لايومكن اداء الصلاة داخل الغرفة.وحتي لاتيتطيع تناول الطعام  الغداء اوالعشاء في داخل الغرف لضيق المكان                          2- السعر. .غالي جدآ
302,39-3.txt,0,0,0,1,0,0,1,1- موظف الاستقبال طلب حساب بسعر مستقل فرش الطفل الإضافي مع أنه مشمول في الشقة عدد 2 طفل أقل من 12 سنة.
303,1004-2.txt,0,0,0,0,1,0,1,الأداء الطعام و الموقع الاستقبال الجسد و المساعده
304,1025-2.txt,0,0,0,0,1,1,1,الباصات تعمل على مدار الساعة من وإلى الحرم ، بالإضافة إلى قرب الفندق من الحرم. وايضا ، المطعم فيه ممتاز حيث انه من أفضل الفنادق من حيث المطعم ، كما اقدر في طاقم العمل السرعة في التسكين ومراعاة الأسر المرتبطة.
305,1032-2.txt,0,0,0,0,1,0,0,البحر والمدينه والاسماك
306,1040-2.txt,0,0,0,0,1,0,0,البوفية متنوع والموقع ممتاز من الحرم الشريف
307,1098-2.txt,0,0,0,0,1,0,1,التعامل الجيد والموقع الممتاز
308,1114-2.txt,0,0,0,0,1,0,1,التعامل الراقي من الموظفين وأخص الشكر الأخ عبدالله الموجود في الاستقبال الذي سهل لي الدخول المبكر وترقية الغرفة الی إطلالة جيدة علی الكعبة.
309,1121-2.txt,0,0,0,0,1,0,1,التعامل الراقي من قبل العاملين ادارة واستقبالاً و تناغم الأناقة والذوق الرفيع قربها من بيت الله الحرام يسمع ويرى فيها  المقيم  الصلاة مباشرة فيبقى مرتبط بالعبادة وهو داخل الأجنحة وجود المطاعم والمحلات التجارية داخل المبنى أضاف لها تميز رائع يشعر الشخص برا
310,1137-2.txt,0,0,0,0,1,0,1,التعامل راقي وأثاث كلاسيكي مريح وكذالك الموقع جيد
311,1149-2.txt,0,0,0,0,1,0,1,التعامل ممتاز المكان مريح
312,1185-2.txt,0,0,0,0,1,0,1,التنقل من والي الحرم .. العاملون بالفندق جدا متعاونون
313,1222-2.txt,0,0,0,0,1,0,0,الحقيقة الليلة الجميلة موقع متميز زمن افضل الشقق المريحة التي سكنتها حيث فربها من المطاعم والاسواق والبحر متميزة بطاقمها والحفاظ على نظافتها حقيقة جيد
314,1275-2.txt,0,0,0,0,1,1,1,الخدمات ممتازه والموقع كذالك وخدمات موظف الاستقبال الاستاذ عمرو اخ متعاون جدا
315,1284-2.txt,0,0,0,0,1,1,1,الخدمات والمواصلات من الفندق الى الحرم وبلعكس خدمة الغرف والاستقبال ممتاز
316,1288-2.txt,0,0,0,0,1,1,1,الخدمات وحسن الاستقبال وقربها من الحرم
317,1289-2.txt,0,0,0,0,1,1,0,الخدمات وقربه من الاسواق
318,1290-2.txt,0,0,0,0,1,1,0,الخدمات وقربه من الحرم
319,1292-2.txt,0,0,0,0,1,1,1,الخدمات،الموقع،الموظفين،كل شئ أكثر من رائع.
320,1297-2.txt,0,0,0,0,1,1,0,الخدمة الرفيعة المستوى وموقعه الاستراتيجي
321,1302-2.txt,0,0,0,0,1,0,0,الخدمة السريعة والمميزة والموقع القريب جدا من الحرم
322,1336-2.txt,0,0,0,0,1,1,1,الخدمة ممتازة و التعامل مميز، الموقع متوسط البعد عن الحرم
323,1348-2.txt,0,0,0,0,1,1,0,الخدمة والقرب من المسجد النبوي
324,1349-2.txt,0,0,0,0,1,1,0,الخدمة والموقع
325,1367-2.txt,0,0,0,0,1,1,1,الخدمه السريعه والترحيب والمكان الجميل والمريح
326,1376-2.txt,0,0,0,0,1,1,1,الخدمه رائعه وخاصة الاستقبال .الموقع اكثر من ممتاز
327,1387-2.txt,0,0,0,0,1,1,0,الخدمه ممتازه و الفطور جميل موقع قريب من الحرم
328,1394-2.txt,0,0,0,0,1,1,0,الخدمه والموقع
329,1403-2.txt,0,0,0,0,1,0,1,الخصوصية ، الموقع، فطور هم جدا رائع بوفية مفتوح و طاقم العمل بصراحة تعاملهم رائع
330,1428-2.txt,0,0,0,0,1,1,1,الذي اعجبني قرب الفندق من الحرم  و كذلك جودة الخدمات المقدمه  والمستوى العالي من الذوق الرفيع في تعامل العاملين بالفندق معنا
331,1429-2.txt,0,0,0,0,1,1,0,الذي اعجبني قرب الفندق من الحرم الشريف والمعاملة الحسنة والخدمات المتميزة بالفندق
332,1430-2.txt,0,0,0,0,1,0,0,الذي اعجبني قربه اول من الحرم وخاصه باب النساء
333,1436-2.txt,0,0,0,0,1,0,1,الذي يميز الموقع هو المدير الرائع محمد خوش حال
334,1619-2.txt,0,0,0,0,1,0,0,السلام عليكم  المكان جيد  وموقعه  جيد  أقرب للمطار
335,1641-2.txt,0,0,0,0,1,0,1,الشاطئ جميل جدا والموظفين جدا رائعين بالذات عبدالحميد الله يوفقه
336,1649-2.txt,0,0,0,0,1,0,1,الشقة كانت مريحة نظيفة و الطاقم غاية في التعاون و الأدب موقع الفندق رائع و سعره مناسب
337,1651-2.txt,0,0,0,0,1,0,0,الشقة نظيفة، والتأثيث ممتاز،والموقع جيد جدا.
338,1663-2.txt,0,0,0,0,1,0,0,الشقه جميله وجديده والأثاث فخم وجديد والموقع ممتاز وتعتبر مثل الفندق
339,1672-2.txt,0,0,0,0,1,0,1,الشكر موصول للأخ حاتم والأخ عبدالرحمن لحسن الخلق والاسلوب الراقي في التعامل، وحقيقة الفندق حديث والغرف فاخره وأسره النوم مريح جداً، أما موقع الفندق قريب من بوابه الرجال ولاكن النساء تبعد البوابه الخاصة بهم قرابه ٥٠٠ متر ولاكن يوجد باصات خاصة بالفندق لتوصي
340,1693-2.txt,0,0,0,0,1,0,1,الطاقم + نظافة الغرف + قربة من الحرم
341,20-2.txt,0,0,0,0,1,0,0,1-الموقع رائع
342,21-2.txt,0,0,0,0,1,0,0,1-القرب من الحرم
343,31-2.txt,0,0,0,0,1,0,0,1-موقع الفندق قريب من مصلى النساء
344,32-3.txt,0,0,0,0,1,0,0,1- عدم قربة من الاسواق التجاريه
345,33-2.txt,0,0,0,0,1,0,0,1-اطلالة الفندق ممتازة
346,33-3.txt,0,0,0,0,1,0,1,1- قمت بتاجير غرفة اربعة سرائر مطلة على الكعبة ولم تكن الغرفة مجهزة لتستوعب اربعة سرائر مما استوجب وجود سرائر متفاوة الاحجام ومتلاصقة ولم يتم حل المشكلة اثناء تواجد في الفندق رغم طلبي المتكرر
347,35-3.txt,0,0,0,0,1,0,0,1- ﻻيوجد مواقف سهلة الوصول لها،بل ﻻبد اشعار الفندق قبل ساعة من احتياجك للسيارة،ويتم جلبها من مكان بعيد.
348,36-2.txt,0,0,0,0,1,0,0,1-الموقع وقربه من الحرم المكي   2- الاماكن التجارية اسفل الفندق  3- سهوله الوصول الى الحرم      4- صوت الأدان لى جميع الفروض  داخل الغرف. .
349,41-2.txt,0,0,0,0,1,0,0,1-موقع الفندق
350,1019-2.txt,0,0,0,0,0,1,0,الباص علي مدار الساعة
351,1020-2.txt,0,0,0,0,0,1,0,الباص متوفر في الذهاب للحرم
352,1021-2.txt,0,0,0,0,0,1,0,الباص من والى الحرم باستمرار
353,1022-2.txt,0,0,0,0,0,1,0,الباص يمشي في الوقت المحدد والعودة في الوقت المحدد - طاقم العمل لطيف وخدمته ممتازة - الفطور لذيذ رغم قلة تنوعه - الهدوء
354,1024-2.txt,0,0,0,0,0,1,0,الباصات باستمرار إلى الحرم 24 ساعة كل ربع ساعة يمشي ويرجعك كذلك
355,1029-2.txt,0,0,0,0,0,1,0,الباصات من والى الحرم  شغال على طول
356,1030-2.txt,0,0,0,0,0,1,0,الباصات من والى الحرم ممتازه جداً
357,1041-2.txt,0,0,0,0,0,1,0,البوفية والخدمات
358,1058-2.txt,0,0,0,0,0,1,1,الترتيب والخدمات
359,1071-2.txt,0,0,0,0,0,1,1,"الترحيب والاستقبال والحفاوة من المشرف عبدالصمد ,,الله يجزاه ,,سرعه تلبية الطلبات"
360,1074-2.txt,0,0,0,0,0,1,0,الترحيل من وإلي الحرم
361,1078-2.txt,0,0,0,0,0,1,1,التصميم الخدمات الموقع وأسلوب التعامل منالمسؤلين
362,1080-2.txt,0,0,0,0,0,1,0,التصميم والخدمة
363,1116-2.txt,0,0,0,0,0,1,1,التعامل الراقي من طاقم الاستقبال والاهتمام بتوفير الراحة للنزلاء وحل مشاكلهم بشكل سريع. كما اشيد بطاقم خدمة الغرف وامانتهم. كذلك المنظر الساحر من الغرفة لبحر الخبر وكذلك حمام السباحة. سيظل من افضل الاماكن التي اتوجه اليها في اجازاتي.
364,1177-2.txt,0,0,0,0,0,1,1,التنظيم والترتيب والخدمة
365,1217-2.txt,0,0,0,0,0,1,1,الحجز مسبق و موقف للسيارات
366,1224-2.txt,0,0,0,0,0,1,0,الحقيقة انا زرت فنادق كثيرة في جدة والله ماشفت مثل بودل في جميع خدامتهم.
367,1226-2.txt,0,0,0,0,0,1,0,الحقيقة مدير بودل الشاطئ رغم تعطل المصعد الا انه بأخلاقه العظيمة و طيبته العالية فانة انسانا بفعلة هذا تعطل المصعد و كانه لم يحدث فشكرا له .
368,1230-2.txt,0,0,0,0,0,1,0,الحمام جيد جدا و خدمة تنظيف الغرف جيدة
369,1248-2.txt,0,0,0,0,0,1,0,الخدمات
370,1252-2.txt,0,0,0,0,0,1,0,الخدمات اللتي تهدا للمستاجر
371,1253-2.txt,0,0,0,0,0,1,0,الخدمات المجانيه جميله النادي الصحي و البوفيه واتمني لكم التوفيق
372,1255-2.txt,0,0,0,0,0,1,0,الخدمات المقدمة في الغرف ممتازة
373,1256-2.txt,0,0,0,0,0,1,0,الخدمات المقدمة ممتازة والسرعة في تقديم الطلبات
374,1257-2.txt,0,0,0,0,0,1,0,الخدمات المقدمه
375,1258-2.txt,0,0,0,0,0,1,1,الخدمات المقدمه والتعامل اكثر من رائع
376,1260-2.txt,0,0,0,0,0,1,1,الخدمات المميزة حسن استقبال الضيوف من العاملين
377,1261-2.txt,0,0,0,0,0,1,0,الخدمات بشكل عام جدا رائعة
378,1262-2.txt,0,0,0,0,0,1,1,الخدمات بشكل عام كانت ممتازة وبشكل خاص طاقم الاستقبال
379,1263-2.txt,0,0,0,0,0,1,0,الخدمات بوجه عام
380,1264-2.txt,0,0,0,0,0,1,0,الخدمات تقدم اول باول
381,1265-2.txt,0,0,0,0,0,1,0,الخدمات جيدة رغم كثرة عدد النزلاء.
382,1266-2.txt,0,0,0,0,0,1,0,الخدمات رائعه و المعاملة اروع
383,1269-2.txt,0,0,0,0,0,1,0,الخدمات غير جيده إطلاقا وهذا يشمل خدمة الغرف ومحتوى الغرف والقنوات التلفزيونية
384,1271-2.txt,0,0,0,0,0,1,0,الخدمات ممتازة
385,1272-2.txt,0,0,0,0,0,1,0,الخدمات ممتازة جدا وحسن اﻷستقبال وتوفر حميع وسائل الترفيه والتميز بالجلسات الحارجية والداخلية
386,1274-2.txt,0,0,0,0,0,1,0,الخدمات ممتازه من جميع النواحي
387,1276-2.txt,0,0,0,0,0,1,1,الخدمات ناقصه والموظفين متعاونين جدا
388,1280-2.txt,0,0,0,0,0,1,0,الخدمات و نظافة الغرف
389,1281-2.txt,0,0,0,0,0,1,1,الخدمات والاستقبال ووجبة الافطار
390,1282-2.txt,0,0,0,0,0,1,0,الخدمات والحجز
391,1283-2.txt,0,0,0,0,0,1,1,الخدمات والروائح الزكية وقربه من جميع المطاعم والمستشفيات وطاقم العمال المساندة ووجود مصلى والمسبح
392,1287-2.txt,0,0,0,0,0,1,0,الخدمات وترتيب الغرف
393,1294-2.txt,0,0,0,0,0,1,0,الخدمة  كانت ممتازة جدا وسرعة الاستجابة لطلباتنا والمرة المقبلة سوف احجز معاكم مرة اخرى
394,1296-2.txt,0,0,0,0,0,1,1,الخدمة الراقية من قبل طاقم العمل
395,1298-2.txt,0,0,0,0,0,1,0,الخدمة السريعة
396,1300-2.txt,0,0,0,0,0,1,0,الخدمة السريعة والتعاون مع التنزلاء
397,1301-2.txt,0,0,0,0,0,1,1,الخدمة السريعة واللطيفة من جميع العاملين بالفندق باختلاف مستوياتهم سواء في الاستقبال او المطعم او في مركز الاعمال
398,1303-2.txt,0,0,0,0,0,1,0,الخدمة الفندقية الكاملة
399,1304-2.txt,0,0,0,0,0,1,0,الخدمة المتميزة والاستجابة السريعة لأي طلبات
400,1305-2.txt,0,0,0,0,0,1,1,الخدمة المتميزة والإدارة الناجحة
401,1306-2.txt,0,0,0,0,0,1,1,الخدمة المقدمة من الاستاذ عمرو  و الاستاذ علي كانت في قمة الرقي و الروعة شكرا لهم
402,1307-2.txt,0,0,0,0,0,1,1,الخدمة المقدمة من العاملين بالفندق ممتازة وجميعهم يؤدون الخدمة الممتازه للنزيل
403,1309-2.txt,0,0,0,0,0,1,1,الخدمة الممتازة من الموظفين وخصوصا موظفي الاستقبال وخدمة العملاء
404,1311-2.txt,0,0,0,0,0,1,0,الخدمة المميزة
405,1313-2.txt,0,0,0,0,0,1,0,الخدمة بالفندق من اروع مايكون رغم إزدحام الفندق الا أن الخدمة سريعه وبشكل لائق جدا
406,1314-2.txt,0,0,0,0,0,1,1,الخدمة بشكل عام رائعة معاملة طاقم العمل راااااقية جدا
407,1315-2.txt,0,0,0,0,0,1,1,الخدمة جدا راقية. الإستقبال أكثر من رائع وراقي. الإفطار لذيذ وشهي وطازج...من أفضل الفنادق التي سكنت بها.
408,1316-2.txt,0,0,0,0,0,1,0,الخدمة جيدة
409,1317-2.txt,0,0,0,0,0,1,0,الخدمة جيدة ، والتوصيل من والى الحرم متوفرة
410,1318-2.txt,0,0,0,0,0,1,0,الخدمة جيدة من الاستعلامات وحتى خدمة الغرفه
411,1319-2.txt,0,0,0,0,0,1,0,الخدمة راقية جدا
412,1320-2.txt,0,0,0,0,0,1,0,الخدمة رائعة في الفندق وخصوضا شخص رائع اسمه أبوبكر الصديق
413,1321-2.txt,0,0,0,0,0,1,1,الخدمة رائعة وطاقم العمل اكثر من رائع اشكر الجميع
414,1322-2.txt,0,0,0,0,0,1,0,الخدمة سريعة .
415,1324-2.txt,0,0,0,0,0,1,1,الخدمة كانت جيدة والتعامل كان في منتهى الرقي،، اعجبني المكان بشكل عام كثيراً ولكن ينقصه بعض الخدمات البسيطه مثل وضع احذيه ومناشف للاستخدام،،
416,1325-2.txt,0,0,0,0,0,1,1,الخدمة كانت سريعة، وطاقم العمل بشوشين.
417,1326-2.txt,0,0,0,0,0,1,0,الخدمة كانت ممتازة
418,1327-2.txt,0,0,0,0,0,1,0,الخدمة مقابل السعر تعتبر معقولة
419,1328-2.txt,0,0,0,0,0,1,0,الخدمة مقابل القيمة تعتبر جيدة جداً.
420,1329-2.txt,0,0,0,0,0,1,0,الخدمة ممتازة
421,1330-2.txt,0,0,0,0,0,1,0,الخدمة ممتازة
422,1331-2.txt,0,0,0,0,0,1,0,الخدمة ممتازة
423,1332-2.txt,0,0,0,0,0,1,0,الخدمة ممتازة
424,1333-2.txt,0,0,0,0,0,1,0,الخدمة ممتازة جدا وكل شي مرتب
425,1334-2.txt,0,0,0,0,0,1,0,الخدمة ممتازة خصوصا بالمطعم و اللوبي .
426,1335-2.txt,0,0,0,0,0,1,0,الخدمة ممتازة من كل النواحي
427,1338-2.txt,0,0,0,0,0,1,0,الخدمة ممتازة والفندق نظيف ومريح جدا وفوق ما تم الاتفاق عليه كان الافطار مجانا
428,1339-2.txt,0,0,0,0,0,1,0,"الخدمة ممتازة والناس متعاونين جدأ وخصوصا الاخ اسامه والاخ ماثيو بصراحة الاثنين ممتازين   The service is excellent and the people there are very helpful, especially Osama and Matthew as well as the sales manager honestly all of them are excellent."
429,1340-2.txt,0,0,0,0,0,1,0,الخدمة ممتازه
430,1341-2.txt,0,0,0,0,0,1,0,الخدمة مميزة
431,1342-2.txt,0,0,0,0,0,1,1,الخدمة مميزة فعلا والطاقم ودود جدا
432,1343-2.txt,0,0,0,0,0,1,1,الخدمة و الاستقبال من قبل الشباب السعوديين
433,1345-2.txt,0,0,0,0,0,1,1,الخدمة والاستقبال ممتازة و الافطار رائع
434,1347-2.txt,0,0,0,0,0,1,1,الخدمة والتعامل راقي جداً
435,1354-2.txt,0,0,0,0,0,1,1,الخدمة وحسن الاستقبال ومعاونه المعتمر
436,1355-2.txt,0,0,0,0,0,1,0,الخدمة ومحاولة أرضاء الزبائن وتوفير لهم سبل الراحة
437,1356-2.txt,0,0,0,0,0,1,0,الخدمة ومكان الصلاة
438,1357-2.txt,0,0,0,0,0,1,0,الخدمة ومواقع الترفيه
439,1359-2.txt,0,0,0,0,0,1,0,الخدمه
440,1360-2.txt,0,0,0,0,0,1,0,الخدمه
441,1363-2.txt,0,0,0,0,0,1,0,الخدمه اكثر من وائعه من ادارة الفندق واخص بالشكر المدير سلطان الثبيتي حيث ساعدني بتعدي ازمتي النفسيه التي كنت امر بها
442,1364-2.txt,0,0,0,0,0,1,1,الخدمه الراقيه و حسن الاستقبال و المعامله الراقية من جميع القائمين على الفندق ببساطه ممتاز جدا
443,1365-2.txt,0,0,0,0,0,1,1,الخدمه الراقيه وحسن التعامل من قبلكم ومن موظفي الفندق
444,1366-2.txt,0,0,0,0,0,1,1,الخدمه السريعه والاستقبال الجيد وحسن تعاونكم معنا كل مستلزمات ألواحه موجوده لديكم و المعلومات الخاصه وارشادات  للحرم موجوده وموقعكم الجيد هو سبب راحتها. نشكركم ونقدر تعاونكم لنا ودمتم
445,1368-2.txt,0,0,0,0,0,1,1,الخدمه المقدمة من الموظفين المتواجدين امام المصاعد
446,1369-2.txt,0,0,0,0,0,1,1,الخدمه الممتازه والتعامل الراقي وخصوصا من موظف الاستقبال. شرف الدين
447,1371-2.txt,0,0,0,0,0,1,0,الخدمه الموجوده  جيده
448,1373-2.txt,0,0,0,0,0,1,0,الخدمه بشكل عام
449,1374-2.txt,0,0,0,0,0,1,0,الخدمه جدا رائعه
450,1375-2.txt,0,0,0,0,0,1,0,الخدمه رائعه جدا .. اسلوبهم راقي جدا
451,1377-2.txt,0,0,0,0,0,1,0,الخدمه سريعة
452,1378-2.txt,0,0,0,0,0,1,0,الخدمه سريعه
453,1379-2.txt,0,0,0,0,0,1,0,الخدمه سريعه و الاهتمام بالشخص ممتاز
454,1380-2.txt,0,0,0,0,0,1,0,الخدمه عالية الجوده
455,1381-2.txt,0,0,0,0,0,1,1,الخدمه في الفندق رائعه جداً وطاقم العمل تطلب اي شي منهم يوفرونه لك بصراحه افضل فندق في الخدمات ... والاكل مميز جدا
456,1382-2.txt,0,0,0,0,0,1,0,الخدمه كانت ممتازه جدا
457,1386-2.txt,0,0,0,0,0,1,1,الخدمه ممتازه من طاقم العمل والموظفين والغرف في قمه الروعه و البوفيه رائع جدا ومتنوع وقمة الروقي
458,1388-2.txt,0,0,0,0,0,1,0,الخدمه من الكل حتى من المدير وهو يعمل ويساعد في اي شي
459,1389-2.txt,0,0,0,0,0,1,1,الخدمه والاستقبال وحسن المعامله
460,1390-2.txt,0,0,0,0,0,1,1,الخدمه والتعامل
461,1391-2.txt,0,0,0,0,0,1,0,الخدمه و الغرفه ممتازه جدا ونظيفه جداجدا
462,1409-2.txt,0,0,0,0,0,1,0,الخيمة الرمضانية
463,1421-2.txt,0,0,0,0,0,1,0,الديكورات جميلة لكن فيه حاجه ضعف الماء فى دورات المياةاعزجنى والمواقف بعض اﻻحيان مافية خصوصية للمستاجر ولكن للائمنه اكثر من ممتاز الباقى والمرة القادمه سوف استاجر عندهم الله يوفقهم
464,1498-2.txt,0,0,0,0,0,1,0,الرحلات المتتابعة بالاوتبيس الى الحرم
465,1513-2.txt,0,0,0,0,0,1,0,السرعة في الاستجابة للطلبات
466,1654-2.txt,0,0,0,0,0,1,0,الشقق جديدة ونظيفة وفيها جميع الخدمات مع غرفة ألعاب الأطفال
467,1665-2.txt,0,0,0,0,0,1,1,الشقه واسعه ومريحه والمكان فيه تهويه جيده .. المنطقه هادئه في وقت النوم ..جميع الخدمات موجوده وقريبه جدا من المكان .. الاستقبال جدا متعاون ..والمكان ممتاز للعوائل لانه الشقه واسعه جدا
468,19-2.txt,0,0,0,0,0,1,0,1-في مرة سابقة اعجبتني سرعة الخدمة
469,29-3.txt,0,0,0,0,0,1,0,*لم يوجد جهاز شبكة لا يعترف ببطاقة الفيزا
470,30-3.txt,0,0,0,0,0,1,1,1- عدد موظفين الأستقبال غير كافي لتقديم  الخدمه نظرا لكثرة  النزلأء...
471,34-3.txt,0,0,0,0,0,1,0,1- لايوجد انترنت بالغرف
472,1002-2.txt,0,0,0,0,0,0,1,الأخ محمد في الاستقبال قمه في الأدب والأخلاق وأشكره علي حسن استقباله لنا
473,1003-2.txt,0,0,0,0,0,0,1,الأخلاق العالية لدى الطاقم
474,1005-2.txt,0,0,0,0,0,0,1,الأستاذ عبدالرحيم كان تعامله جدا راقي وأيضا موظف الإدارة المصري جدا ممتاز.
475,1006-2.txt,0,0,0,0,0,0,1,الأستقبال عالي المستوى وبذوق ولباقه ...
476,1007-2.txt,0,0,0,0,0,0,1,الأستقبال وتوفر القنوات الرياضية الابهو رائع
477,1017-2.txt,0,0,0,0,0,0,1,الأكل رائع جدًا ماعدا ريش الغنم، الموظفين في غاية اللطف، الفندق نظيف وأنيق وهاديء جدًا، الفندق رائع قضيت فيه أربعة ليال جميلة جدًا ..
478,1035-2.txt,0,0,0,0,0,0,1,البشاشة التي تملا وجوه العاملين استعدادهم لتقيم افضل خدمة في اقصر وقت من حارس الامن الي كبار الشخصيات فلهم متي جزيل ابشكر
479,1036-2.txt,0,0,0,0,0,0,1,البشاشة و الاستقبال الحسن من كل العاملين ، سرعة الاستجابة للطبات
480,1051-2.txt,0,0,0,0,0,0,1,التجاوب المباشر من الطاقم
481,1057-2.txt,0,0,0,0,0,0,1,الترتيب والتنظيم وحسن الاستقبال
482,1059-2.txt,0,0,0,0,0,0,1,الترتيب والدخول السريع
483,1066-2.txt,0,0,0,0,0,0,1,الترحاب والتعامل الراقي
484,1067-2.txt,0,0,0,0,0,0,1,الترحيب الجيد من قبل موظف الاستقبال
485,1068-2.txt,0,0,0,0,0,0,1,الترحيب الحار من طاقم العمل وخصوصا المشرف عبدالله
486,1069-2.txt,0,0,0,0,0,0,1,الترحيب بالعميل ومحاولة تقديم أفضل خدمة وخصوصا من الموظف حاتم في الاستقبال ومديرة عمرو والذين خدموني في تقديم غرف قريبه من بعض وفي مكان مناسب
487,1070-2.txt,0,0,0,0,0,0,1,الترحيب و جميع العاملين جزاهم الله خير
488,1073-2.txt,0,0,0,0,0,0,1,الترحيب وجودة الطعام
489,1083-2.txt,0,0,0,0,0,0,1,التعامل
490,1084-2.txt,0,0,0,0,0,0,1,التعامل
491,1086-2.txt,0,0,0,0,0,0,1,التعامل
492,1090-2.txt,0,0,0,0,0,0,1,التعامل الجميل جدا للموظف سيف الهذيلي اللة يوفقة
493,1091-2.txt,0,0,0,0,0,0,1,التعامل الجيد
494,1092-2.txt,0,0,0,0,0,0,1,التعامل الجيد
495,1093-2.txt,0,0,0,0,0,0,1,التعامل الجيد خصوصا شخص اسمه اشرف
496,1094-2.txt,0,0,0,0,0,0,1,التعامل الجيد لطاقم الفندق
497,1095-2.txt,0,0,0,0,0,0,1,التعامل الجيد من قبل موضفو الاستقبال
498,1096-2.txt,0,0,0,0,0,0,1,التعامل الجيد من موظف الاستقبال
499,1097-2.txt,0,0,0,0,0,0,1,التعامل الجيد و المرونه في الوقت
500,1099-2.txt,0,0,0,0,0,0,1,التعامل الجيد وعدم الانتظار في الاستقبال
501,1100-2.txt,0,0,0,0,0,0,1,التعامل الحسن من قبل الاعاملين هناك
502,1102-2.txt,0,0,0,0,0,0,1,التعامل الراقى من فريق العمل ونصحهم
503,1103-2.txt,0,0,0,0,0,0,1,التعامل الراقى من قبل الفندق والإستقبال في غاية الإحترام ...وحسابات الفندق لهم منى كل ود وإحترام وتقدير
504,1104-2.txt,0,0,0,0,0,0,1,التعامل الراقي
505,1105-1.txt,0,0,0,0,0,0,1,فندق ممتازفي التعامل
506,1105-2.txt,0,0,0,0,0,0,1,التعامل الراقي
507,1106-2.txt,0,0,0,0,0,0,1,التعامل الراقي
508,1107-2.txt,0,0,0,0,0,0,1,التعامل الراقي
509,1108-2.txt,0,0,0,0,0,0,1,التعامل الراقي جدااا
510,1109-2.txt,0,0,0,0,0,0,1,التعامل الراقي خاصة الاخ عمر فضالي
511,1110-2.txt,0,0,0,0,0,0,1,التعامل الراقي للعاملين بالفندق للزوار
512,1111-2.txt,0,0,0,0,0,0,1,التعامل الراقي لمسؤول الفندق الأخ رمزي وهو مفخرة للشباب السعودي
513,1112-2.txt,0,0,0,0,0,0,1,التعامل الراقي لموظفي الاستقبال سرعة التجاوب حقيقي كل شيئ جميل
514,1113-2.txt,0,0,0,0,0,0,1,التعامل الراقي من المشرف الاخ احمد حيث قام بتغير الغرفه بكل سهوله ويسر
515,1117-2.txt,0,0,0,0,0,0,1,التعامل الراقي من طاقم العمل بداية  من الاستقبال حتى سائق الباص ، وسرعة الاستجابة لأى طلب
516,1119-2.txt,0,0,0,0,0,0,1,التعامل الراقي من طاقم الفندق
517,1122-2.txt,0,0,0,0,0,0,1,التعامل الراقي من قبل العاملين جميعاً وعلى الأخص الأستاذ سالم النهدي في قسم الاستقبال فلقد كان في قمة التهذيب
518,1123-2.txt,0,0,0,0,0,0,1,التعامل الراقي وخدمات أعضاء البطاقة الذهبية
519,1124-2.txt,0,0,0,0,0,0,1,التعامل الراقي وسرعة التجاوب عند طلب اي خدمة والمطعم حكاية
520,1125-2.txt,0,0,0,0,0,0,1,التعامل الراقي وسرعة الخدمات وتلبية الطلبات
521,1126-2.txt,0,0,0,0,0,0,1,التعامل الرائع
522,1128-2.txt,0,0,0,0,0,0,1,التعامل الطيب من جميع الموظفين.. وسعة صدورهم .. والاستجابه السريعة
523,1129-2.txt,0,0,0,0,0,0,1,التعامل الممتاز طوال فتره الاقامه
524,1130-2.txt,0,0,0,0,0,0,1,التعامل الممتاز من الأخوة بالاستقبال
525,1131-2.txt,0,0,0,0,0,0,1,التعامل الممتاز من الجميع
526,1132-2.txt,0,0,0,0,0,0,1,التعامل جداً راقي ومميز بعرض خيارات اكثر والخروج سمحو لي بالتاخير حتى الساعة ٥ مساءاً
527,1133-2.txt,0,0,0,0,0,0,1,التعامل جدا جدا رائع من الجميع
528,1135-2.txt,0,0,0,0,0,0,1,التعامل جدا رائع
529,1136-2.txt,0,0,0,0,0,0,1,التعامل راقٍ جداً والتعاون أيضاً
530,1138-2.txt,0,0,0,0,0,0,1,التعامل رائع منوالموظفين بالاستقبال
531,1139-2.txt,0,0,0,0,0,0,1,التعامل طيب واشكر الاخ عبدالله فى الاستقبال
532,1140-2.txt,0,0,0,0,0,0,1,التعامل في الاستقبال كان جداً رائع
533,1141-2.txt,0,0,0,0,0,0,1,التعامل في الاستقبال ممتاز
534,1142-2.txt,0,0,0,0,0,0,1,التعامل في الاستقبال والتعاون
535,1143-1.txt,0,0,0,0,0,0,1,فن التعامل
536,1143-2.txt,0,0,0,0,0,0,1,التعامل ليس مجرد كلمه ترددها ونتفوه بها...التعامل فن من الفنون الاجتماعية الرائعة التي تشعرك بالراحة..وهذا مايجيدونه طاقم العمل في توليب..لهم مني كل الشكر والتقدير والى لقاء قريب بامر الله
537,1144-2.txt,0,0,0,0,0,0,1,التعامل مع الطاقم المتواجد بالشقق الفندقية ، و الشخص السعودي المتواجد احيانا بالموقع قمه بالأحترام و التقدير
538,1145-2.txt,0,0,0,0,0,0,1,التعامل مع المدير وطاقم العمل
539,1146-2.txt,0,0,0,0,0,0,1,التعامل مع الموظفين والنادي الصحي
540,1147-2.txt,0,0,0,0,0,0,1,التعامل ممتاز
541,1150-2.txt,0,0,0,0,0,0,1,التعامل ممتاز و لديهم مرونة مع الزبون
542,1152-2.txt,0,0,0,0,0,0,1,التعامل من العاملين الممتاز والمريح
543,1156-2.txt,0,0,0,0,0,0,1,التعامل.   وتجهيز الغرفه  وماذكر اعلاه
544,1161-2.txt,0,0,0,0,0,0,1,التعاون من طاقم الفندق
545,1168-2.txt,0,0,0,0,0,0,1,التكيف ممتاز وتعامل الاستقبال يفوق الوصف
546,1180-2.txt,0,0,0,0,0,0,1,التنظيم وحسن الإستقبال وعدم الانتظار
547,1209-2.txt,0,0,0,0,0,0,1,الجو الروحاني والتعامل الراقي
548,1215-2.txt,0,0,0,0,0,0,1,الحترام من الموظفين بفندق
549,1216-2.txt,0,0,0,0,0,0,1,الحجز كان متظم و سريع
550,1220-2.txt,0,0,0,0,0,0,1,الحقيقة الاستاذ علي كان الرجل المثالي . وذو خلق عالي واشكره جزيل الشكر..
551,1244-2.txt,0,0,0,0,0,0,1,الحمدلله كل شيء تمام الحمدلله وماقصرو رغم الزحمه الا انه طاقم الاستقبال تم اجرائاته بسرعه ورحابه جزاهم الله خير
552,1310-2.txt,0,0,0,0,0,0,1,الخدمة الممتازة من طاقم الإستقبال.
553,1320-1.txt,0,0,0,0,0,0,1,فندق يملك إدارة رائعة
554,1410-2.txt,0,0,0,0,0,0,1,الدخول المبكر ومعاملة طاقم العمل الجيدة
555,1412-2.txt,0,0,0,0,0,0,1,الدخول كان سريعا وحسن التعامل والفرقة و بوفيه  الافطارممتازة من جميع النواحي
556,1427-2.txt,0,0,0,0,0,0,1,الذي اعجبني حسن التعامل والابتسامة الدائمة على وجيههم ماشاء الله
557,1432-2.txt,0,0,0,0,0,0,1,الذي أعجبني تعامل العاملين فلهم من كل الشكر والتقدير والإحترام وكل سنه ونتم طيبين
558,1433-2.txt,0,0,0,0,0,0,1,الذي أعجبني حسن استقبال موظف الاستقبال وحسن تعامله ( أحمد الجهني )
559,1435-2.txt,0,0,0,0,0,0,1,الذي يمتاز به الفندق حسن الاستقبال وخاصة استقبلنا مدير الاستقبال لكبر سني وانهى اجراءات دخولنا الفندق في اسرع وقت..
560,1442-1.txt,0,0,0,0,0,0,1,نشكر الموظفين على حسن الضيافة والاستقبال وكانو متعاونين جدا معنا
561,1500-2.txt,0,0,0,0,0,0,1,الرسبشن كان ممتاز ومتعاونين جدا
562,1502-2.txt,0,0,0,0,0,0,1,الرقي في التعامل
563,1507-2.txt,0,0,0,0,0,0,1,الروح الطيبة والضيافة
564,1610-2.txt,0,0,0,0,0,0,1,السلاسه في المعاملة وسرعة انهاء الاجراءات
565,1621-2.txt,0,0,0,0,0,0,1,السلام عليكم شكراً للجميع في رست نايت ع الضيافه الرئعه قضيت وقت ممتع
566,1628-1.txt,0,0,0,0,0,0,1,الشكر للعاملين بفندق فلسطين
567,1635-2.txt,0,0,0,0,0,0,1,السيد ابو بكر بالاستقبال متعاون و بشوش
568,1637-2.txt,0,0,0,0,0,0,1,السيد عبدالعزيز بالأستقبال تعامل ممتاز
569,1642-2.txt,0,0,0,0,0,0,1,الشباب السعودي في الاستقبال في قمة الاخلاق والتعاون ..
570,1644-2.txt,0,0,0,0,0,0,1,الشباب في الاستقبال كانو ممتازين
571,1646-2.txt,0,0,0,0,0,0,1,الشعائر الايمانيه التى يتحلى بها الموظفين
572,1653-2.txt,0,0,0,0,0,0,1,الشقق الفندقية جميلة وواسعة  ٠٠وموقعها ممتاز جداً .. وتعامل الاستقبال راقي جداً وخاصتا الاخ مرتضى السوداني .. متفهم وخلوق ..
573,1666-2.txt,0,0,0,0,0,0,1,الشكر  للقامين على الفندق الشكر لموضفين الاستقبال أتمنى فيه مشرف نتكلم معه بخصوص مانواجه  أتمنى الاستمرار في النظافة أهم شي
574,1667-2.txt,0,0,0,0,0,0,1,الشكر الجزيل للاستاذ محمد مدير الفندق ع أهتمامه ومتابعته للمشكلات الطارئه بنفسه والاتصال بنا مباشره للاطمئنان علينا وتوفير الاجواءالهادئه للضيوف ولا انسى موظف الاستقبال الاخ عمر صاحب الابتسامه الخجوله ع حسن تعامله معنا،،،
575,1668-2.txt,0,0,0,0,0,0,1,الشكر الجزيل والامتنان لمدير الفندق استاذ محمد على تعامله الراقي مع نزلاء الفندق وكذالك لا انسى صاحب الابتسامه الخجوله عمر بتعامله الخجول معنا،،، شكراً لكم
576,1669-2.txt,0,0,0,0,0,0,1,الشكر كل الشكر للأستاذ ابراهيم مدير الحجز علي الرقي في التعامل
577,1670-2.txt,0,0,0,0,0,0,1,الشكر لجميع موظفي الاستقبال
578,1671-2.txt,0,0,0,0,0,0,1,الشكر لموظف الاستقبال محمد سعد لبق ومتفهم ويتعامل مع النزلاء بذوق رفيع  والشكر للعاملين في حمل الحقائب والخدمه.
579,1673-2.txt,0,0,0,0,0,0,1,الشكل الجمالي والترتيب
580,1676-2.txt,0,0,0,0,0,0,1,الشيء اللي عجبني اني حجزت موقع بوكينج وجاني رقم الحجز ولم تظهر عند الفندق وتم تعويضي بغرفه
581,1687-2.txt,0,0,0,0,0,0,1,الضيافة
582,1689-2.txt,0,0,0,0,0,0,1,الطاقم رائع جدا ويهتم بالنزلاء وعلى درجة عالية من المسؤولية والاهتمام بسمعة الفندق .
583,1690-2.txt,0,0,0,0,0,0,1,الطاقم
584,1691-2.txt,0,0,0,0,0,0,1,الطاقم
585,18-3.txt,0,0,0,0,0,0,1,1- الاستقبال غير مبتسم والخدمه يقدمها بثقل وتبطى .
586,21-3.txt,0,0,0,0,0,0,1,"1- الإستقبال من قبل عمل حمل الشنط ,فلم أجد أحد يحمل الشنط و يوجهنى الى الاستقبال"
587,26-3.txt,0,0,0,0,0,0,1,-لا يحوي باركينغ مجاني و لكن البواب يأخذ السيارة بايصال رسمي 24 ساعة ب250 ريال تدفع للاستقبال و يحضرها عند الطلب خلال 30 دقيقة
588,28-3.txt,0,0,0,0,0,0,1,-قلة عدد موظفي الاستقبال مما يؤدى الى الانتظار لفترة تصل الى 20 دقيقه
589,31-3.txt,0,0,0,0,0,0,1,1- عدم الرد السريع من الريسبشن وعدم رد المسؤول عن القنوات التلفزيونية.
590,40-3.txt,0,0,0,0,0,0,1,1- موظفين الأستقبال غير لبقين
591,44-3.txt,0,0,0,0,0,0,1,-عدم وجود الحجز وانا حاجز قبل وصولهم الفندق بستة أيام حتى انه قال فيه إمكانية ونزل رقم الحجز على غرفه عنده وكأنه متفضل علي ..حتى بوكنق فقدت المصداقيه فيه لو كان الفندق فل كيف الحال يابوكنق
592,45-2.txt,0,0,0,0,0,0,1,فندق جيد وطاقم العمل ممتاز.
